keyword,country,volume,cluster,file_count
storage,NL,5400,competitor_alternative,1
storaging,NL,5400,competitor_alternative,1
self storage,NL,3600,competitor_alternative,3
luggage storage,BE,2400,competitor_alternative,1
self-storage,NL,2400,competitor_alternative,2
stora enso langerbrugge,BE,2400,competitor_alternative,1
storage box,NL,2400,competitor_alternative,1
storage box storage,NL,2400,competitor_alternative,1
storage boxen,NL,2400,competitor_alternative,1
stora enso,BE,1600,competitor_alternative,1
stora enso,NL,1300,competitor_alternative,1
storage,BE,1300,competitor_alternative,7
cloud cloud storage,NL,1000,competitor_alternative,1
cloud storage,NL,1000,competitor_alternative,1
self storage,BE,1000,competitor_alternative,8
storage facilities,NL,1000,competitor_alternative,1
selfstorage,BE,880,competitor_alternative,3
storage amsterdam,NL,720,competitor_alternative,1
stora enso gent,BE,590,competitor_alternative,1
brussels luggage storage,BE,480,competitor_alternative,1
luggage storage brussels,BE,480,competitor_alternative,1
self storage facilities,NL,480,competitor_alternative,1
self storage facility,NL,480,competitor_alternative,1
1stalling,NL,390,competitor_alternative,7
cloud storage free,NL,390,competitor_alternative,1
self storage den haag,NL,390,competitor_alternative,1
self-storage den haag,NL,390,competitor_alternative,1
selfstorage,NL,390,competitor_alternative,2
storage den haag,NL,390,competitor_alternative,1
storage the hague,NL,390,competitor_alternative,1
storage unit,BE,390,competitor_alternative,4
storage unit den haag,NL,390,competitor_alternative,1
self storage amsterdam,NL,320,competitor_alternative,1
self storage unit,NL,320,competitor_alternative,2
self storage units,NL,320,competitor_alternative,1
storage brussels,BE,320,competitor_alternative,4
1box self storage,NL,260,competitor_alternative,1
1box self storage rotterdam centrum,NL,260,competitor_alternative,1
ikea stora,NL,260,competitor_alternative,1
plastic storage box,NL,260,competitor_alternative,1
self storage brussels,BE,260,competitor_alternative,2
self storage bruxelles,BE,260,competitor_alternative,2
self storage rotterdam,NL,260,competitor_alternative,1
selfstorage rotterdam,NL,260,competitor_alternative,1
stora enso langerbrugge,NL,260,competitor_alternative,1
storage unit amsterdam,NL,260,competitor_alternative,1
storage units,BE,260,competitor_alternative,1
storage units amsterdam,NL,260,competitor_alternative,1
plastic box storage,NL,210,competitor_alternative,1
plastic storage boxes,NL,210,competitor_alternative,1
storage facility,BE,210,competitor_alternative,1
storage in rotterdam,NL,210,competitor_alternative,1
storage rotterdam,NL,210,competitor_alternative,1
city storage genk,BE,170,competitor_alternative,3
cobalt box self storage mortsel,BE,170,competitor_alternative,3
self storage utrecht,NL,170,competitor_alternative,1
self-storage utrecht,NL,170,competitor_alternative,1
storage box amsterdam,NL,170,competitor_alternative,1
storage unit utrecht,NL,170,competitor_alternative,1
1stalling inloggen,NL,140,competitor_alternative,7
stora,NL,140,competitor_alternative,1
storage huren,NL,140,competitor_alternative,4
storage utrecht,NL,140,competitor_alternative,1
storo self storage mechelen opslagruimte te huur,BE,140,competitor_alternative,2
boxes storage,NL,110,competitor_alternative,1
ikea hoogslaper stora,NL,110,competitor_alternative,1
ikea stora hoogslaper,NL,110,competitor_alternative,1
stora ikea,NL,110,competitor_alternative,1
storage box huren,NL,110,competitor_alternative,5
storage room,BE,110,competitor_alternative,1
hoogslaper ikea stora,NL,90,competitor_alternative,1
self storage box,NL,90,competitor_alternative,2
self storage boxen,NL,90,competitor_alternative,3
sitelinks,NL,90,competitor_alternative,1
stora hoogslaper,NL,90,competitor_alternative,1
stora langerbrugge,BE,90,competitor_alternative,1
storage gent,BE,90,competitor_alternative,1
storage space rent,BE,90,competitor_alternative,1
storage unit huren,NL,90,competitor_alternative,4
google sitelinks,NL,70,competitor_alternative,1
public storage,BE,70,competitor_alternative,1
self storage antwerp,BE,70,competitor_alternative,2
self storage antwerpen,BE,70,competitor_alternative,2
self storage huren,NL,70,competitor_alternative,1
sitelink extensie,NL,70,competitor_alternative,1
sitelink extensies,NL,70,competitor_alternative,1
sitelink extensions,NL,70,competitor_alternative,1
sitelink google,NL,70,competitor_alternative,1
sitelinks extension,NL,70,competitor_alternative,1
sitelinks google,NL,70,competitor_alternative,1
sitelinks google ads,NL,70,competitor_alternative,1
stora enso amsterdam,NL,70,competitor_alternative,1
stora enso gent,NL,70,competitor_alternative,1
storage box rotterdam,NL,70,competitor_alternative,1
storage flix self storage zaandam,NL,70,competitor_alternative,1
storage rentals,BE,70,competitor_alternative,1
sitelink,NL,50,competitor_alternative,1
stora enso nederland,NL,50,competitor_alternative,1
storage antwerpen,BE,50,competitor_alternative,2
cobalt box self storage,BE,40,competitor_alternative,1
1tb online storage,NL,10,competitor_alternative,1
2tb cloud storage free,NL,10,competitor_alternative,1
best cloud storage for iphone,NL,10,competitor_alternative,1
best cloud storage solutions,NL,10,competitor_alternative,1
best private cloud storage,NL,10,competitor_alternative,1
cheapest 1tb cloud storage,NL,10,competitor_alternative,1
cloud storage one time payment,NL,10,competitor_alternative,1
drive storage prices,NL,10,competitor_alternative,1
family cloud storage,NL,10,competitor_alternative,1
stora enso deutschland,NL,10,competitor_alternative,1
stora enso jobs,NL,10,competitor_alternative,1
stora enso paper,NL,10,competitor_alternative,1
tb cloud storage,NL,10,competitor_alternative,1
shurgard,NL,9900,competitor_brand/customer_location,8
shurgard,BE,5400,competitor_brand/customer_location,11
self storage shurgard,NL,4400,competitor_brand/customer_location,8
shurgard self storage,NL,4400,competitor_brand/customer_location,10
shurgard self-storage,NL,4400,competitor_brand/customer_location,4
storage shurgard,NL,3600,competitor_brand/customer_location,5
shurgard self storage amsterdam amstel,NL,1900,competitor_brand/customer_location,1
self storage shurgard,BE,1300,competitor_brand/customer_location,11
shurgard self storage,BE,1300,competitor_brand/customer_location,4
shurgard self storage amsterdam centrum,NL,1300,competitor_brand/customer_location,2
shurgard self-storage,BE,1300,competitor_brand/customer_location,6
shurgard selfstorage,BE,1300,competitor_brand/customer_location,3
shurgard amsterdam,NL,1000,competitor_brand/customer_location,1
storage shurgard,BE,1000,competitor_brand/customer_location,4
shurgard rotterdam,NL,880,competitor_brand/customer_location,2
shurgard self storage amsterdam sloterdijk,NL,880,competitor_brand/customer_location,1
shurgard den haag,NL,720,competitor_brand/customer_location,5
shurgard rotterdam stadionweg,NL,720,competitor_brand/customer_location,1
shurgard eindhoven,NL,590,competitor_brand/customer_location,1
shurgard opzeggen,NL,590,competitor_brand/customer_location,2
shurgard self storage amsterdam noord,NL,590,competitor_brand/customer_location,1
shurgard self storage delft,NL,590,competitor_brand/customer_location,2
shurgard self storage merksem,BE,590,competitor_brand/customer_location,8
shurgard self-storage merksem,BE,590,competitor_brand/customer_location,4
shurgard self storage antwerpen centrum,BE,480,competitor_brand/customer_location,1
shurgard self storage breda,NL,480,competitor_brand/customer_location,2
shurgard self storage bruxelles forest,BE,480,competitor_brand/customer_location,6
shurgard self storage zaventem,BE,480,competitor_brand/customer_location,7
shurgard self-storage antwerpen centrum,BE,480,competitor_brand/customer_location,2
shurgard self-storage antwerpen-centrum,BE,480,competitor_brand/customer_location,2
shurgard arnhem,NL,390,competitor_brand/customer_location,1
shurgard hilversum,NL,390,competitor_brand/customer_location,1
shurgard jette,BE,390,competitor_brand/customer_location,7
shurgard merksem,BE,390,competitor_brand/customer_location,8
shurgard nijmegen,NL,390,competitor_brand/customer_location,1
shurgard rijswijk,NL,390,competitor_brand/customer_location,1
shurgard breda,NL,320,competitor_brand/customer_location,1
shurgard delft,NL,320,competitor_brand/customer_location,2
shurgard self storage bruxelles,BE,320,competitor_brand/customer_location,6
shurgard aartselaar,BE,260,competitor_brand/customer_location,5
shurgard amsterdam west,NL,260,competitor_brand/customer_location,1
shurgard brugge,BE,260,competitor_brand/customer_location,8
shurgard evere,BE,260,competitor_brand/customer_location,5
shurgard gent,BE,260,competitor_brand/customer_location,8
shurgard haarlem,NL,260,competitor_brand/customer_location,6
shurgard kerkrade,NL,260,competitor_brand/customer_location,5
shurgard leuven,BE,260,competitor_brand/customer_location,5
shurgard self storage gouda,NL,260,competitor_brand/customer_location,5
shurgard self storage leuven,BE,260,competitor_brand/customer_location,2
shurgard self storage wavre,BE,260,competitor_brand/customer_location,5
shurgard self-storage eindhoven,NL,260,competitor_brand/customer_location,1
shurgard waterloo,BE,260,competitor_brand/customer_location,1
shurgard wavre,BE,260,competitor_brand/customer_location,2
shurgard zaandam,NL,260,competitor_brand/customer_location,1
shurgard zaventem,BE,260,competitor_brand/customer_location,5
shurgard antwerpen,BE,210,competitor_brand/customer_location,2
shurgard forest,BE,210,competitor_brand/customer_location,3
shurgard opslag,NL,210,competitor_brand/customer_location,5
shurgard opslagruimte,NL,210,competitor_brand/customer_location,5
shurgard self storage overijse,BE,210,competitor_brand/customer_location,4
shurgard kortrijk,BE,170,competitor_brand/customer_location,4
shurgard openingstijden,NL,170,competitor_brand/customer_location,1
shurgard sloterdijk,NL,170,competitor_brand/customer_location,1
shurgard amsterdam noord,NL,140,competitor_brand/customer_location,1
shurgard antwerpen linkeroever,BE,140,competitor_brand/customer_location,1
shurgard luik,BE,140,competitor_brand/customer_location,1
shurgard prijzen,NL,140,competitor_brand/customer_location,3
shurgard stadionweg,NL,140,competitor_brand/customer_location,1
shurgard storage,NL,140,competitor_brand/customer_location,5
shurgard brussels,BE,110,competitor_brand/customer_location,4
shurgard bruxelles,BE,110,competitor_brand/customer_location,7
shurgard linkeroever,BE,110,competitor_brand/customer_location,1
shurgard opslagruimtes,NL,110,competitor_brand/customer_location,4
shurgard spaanse polder,NL,110,competitor_brand/customer_location,1
box shurgard,BE,90,competitor_brand/customer_location,4
shurgard amersfoort,BE,70,competitor_brand/customer_location,1
shurgard arnhem,BE,70,competitor_brand/customer_location,1
shurgard belgium,BE,70,competitor_brand/customer_location,3
shurgard nieuwegein,BE,70,competitor_brand/customer_location,1
shurgard prijzen,BE,70,competitor_brand/customer_location,2
shurgard nl,BE,50,competitor_brand/customer_location,1
shurgard zaandam,BE,50,competitor_brand/customer_location,1
shurgard alkmaar,BE,40,competitor_brand/customer_location,1
shurgard breda,BE,40,competitor_brand/customer_location,1
shurgard middelburg,BE,40,competitor_brand/customer_location,1
shurgard groningen,BE,30,competitor_brand/customer_location,2
shurgard antwerpen,NL,20,competitor_brand/customer_location,1
shurgard linkeroever,NL,10,competitor_brand/customer_location,1
itsme,BE,201000,contracts_identity_portal,1
itsme heractiveren,BE,18100,contracts_identity_portal,1
itsme activeren,BE,14800,contracts_identity_portal,1
itsme application,BE,12100,contracts_identity_portal,1
aan de slag met itsme,BE,9900,contracts_identity_portal,1
itsme,NL,9900,contracts_identity_portal,1
itsme app,BE,9900,contracts_identity_portal,2
itsme installeren,BE,9900,contracts_identity_portal,1
itsme-app,BE,9900,contracts_identity_portal,2
itsme belgium,BE,3600,contracts_identity_portal,1
itsme inloggen,BE,3600,contracts_identity_portal,1
itsme website,BE,3600,contracts_identity_portal,2
itsme aanmaken,BE,2900,contracts_identity_portal,1
itsme contact,BE,2900,contracts_identity_portal,1
itsme aanmelden,BE,2400,contracts_identity_portal,1
itsme register,BE,2400,contracts_identity_portal,2
itsme update,BE,2400,contracts_identity_portal,1
itsme aan de slag,BE,1900,contracts_identity_portal,1
itsme be,BE,1900,contracts_identity_portal,2
pdf ondertekenen,NL,1900,contracts_identity_portal,1
get started with itsme,BE,1600,contracts_identity_portal,2
itsme installeren op gsm,BE,1600,contracts_identity_portal,1
itsme nl,NL,1300,contracts_identity_portal,1
my itsme,BE,1300,contracts_identity_portal,2
digitaal ondertekend,BE,1000,contracts_identity_portal,1
digitaal ondertekenen,BE,1000,contracts_identity_portal,1
huurcontract,BE,1000,contracts_identity_portal,1
huurcontracten,BE,1000,contracts_identity_portal,1
huurcontracten voorbeelden,NL,1000,contracts_identity_portal,1
itsme app belgium,BE,1000,contracts_identity_portal,1
télécharger itsme,BE,1000,contracts_identity_portal,1
voorbeeld huurcontract,BE,1000,contracts_identity_portal,1
huurcontract voorbeeld,NL,880,contracts_identity_portal,1
huurcontract voorbeeld,BE,880,contracts_identity_portal,1
huurcontracten voorbeelden,BE,880,contracts_identity_portal,1
pdf digitaal ondertekenen,BE,880,contracts_identity_portal,1
voorbeeld huurcontract,NL,880,contracts_identity_portal,1
voorbeeld huurcontracten,NL,880,contracts_identity_portal,1
digitaal ondertekenen pdf,BE,720,contracts_identity_portal,1
itsme app download,BE,590,contracts_identity_portal,1
ondertekenen,BE,590,contracts_identity_portal,1
pdf ondertekenen,BE,590,contracts_identity_portal,1
itsme download,BE,480,contracts_identity_portal,1
itsme-app download,BE,480,contracts_identity_portal,1
document digitaal ondertekenen,BE,390,contracts_identity_portal,1
documenten digitaal ondertekenen,BE,390,contracts_identity_portal,1
itsme belgie,NL,390,contracts_identity_portal,1
itsme inloggen op pc,BE,390,contracts_identity_portal,1
pdf ondertekenen gratis,NL,390,contracts_identity_portal,1
eenvoudig huurcontract voorbeeld,BE,320,contracts_identity_portal,1
my itsme be register,BE,320,contracts_identity_portal,1
opzeg huurcontract,NL,320,contracts_identity_portal,1
app itsme,NL,260,contracts_identity_portal,1
apps itsme,NL,260,contracts_identity_portal,1
itsme app,NL,210,contracts_identity_portal,1
itsme-app,NL,210,contracts_identity_portal,1
huurcontract bedrijfsruimte,NL,170,contracts_identity_portal,1
huurcontract woning voorbeeld,NL,170,contracts_identity_portal,1
itsme inloggen,NL,170,contracts_identity_portal,1
voorbeeld verhuurcontract woning,NL,170,contracts_identity_portal,1
huurcontract garagebox,BE,140,contracts_identity_portal,1
huurcontract voor garage,BE,140,contracts_identity_portal,1
huurcontracten bedrijfsruimte,NL,140,contracts_identity_portal,1
pdf online ondertekenen,NL,140,contracts_identity_portal,1
digitaal ondertekenen gratis,NL,110,contracts_identity_portal,1
gratis pdf ondertekenen,NL,110,contracts_identity_portal,1
huurcontract bedrijfsruimte voorbeeld,NL,110,contracts_identity_portal,1
huurcontract downloaden,NL,110,contracts_identity_portal,1
huurcontract voorbeeld bedrijfsruimte,NL,110,contracts_identity_portal,1
pdf ondertekenen gratis,BE,110,contracts_identity_portal,1
pdf ondertekenen online,NL,110,contracts_identity_portal,1
standaard huurcontract,BE,110,contracts_identity_portal,1
voorbeeld huurcontract bedrijfsruimte,NL,110,contracts_identity_portal,1
voorbeeld huurcontract woning,NL,110,contracts_identity_portal,1
voorbeelden huurcontract woning,NL,110,contracts_identity_portal,1
elektronisch ondertekenen,NL,90,contracts_identity_portal,1
huurcontract bedrijfsruimte pdf,NL,90,contracts_identity_portal,1
huurcontract garage voorbeeld,BE,90,contracts_identity_portal,1
huurcontract garagebox voorbeeld,BE,90,contracts_identity_portal,1
ing itsme,NL,90,contracts_identity_portal,1
itsme activeren,NL,90,contracts_identity_portal,1
itsme belgium,NL,90,contracts_identity_portal,1
itsme ing,NL,90,contracts_identity_portal,1
pdf digitaal ondertekenen gratis,NL,90,contracts_identity_portal,1
voorbeeld huurcontract garagebox,BE,90,contracts_identity_portal,1
huurcontract garage pdf,BE,70,contracts_identity_portal,1
huurcontract garagebox pdf,BE,70,contracts_identity_portal,1
itsme heractiveren,NL,70,contracts_identity_portal,1
pdf online ondertekenen,BE,70,contracts_identity_portal,1
voorbeeld huurcontract garage belgië,BE,70,contracts_identity_portal,1
contract verhuur garage,BE,20,contracts_identity_portal,1
contract verhuur garagebox,BE,10,contracts_identity_portal,1
garage verhuren contract,BE,10,contracts_identity_portal,1
opslagruimte huren,NL,8100,customer_storage_search,7
opslagbox huren,NL,2400,customer_storage_search,7
opslagruimte huren,BE,1300,customer_storage_search,11
opslagruimte huren in amsterdam,NL,720,customer_storage_search,1
opslagruimte huren amsterdam,NL,590,customer_storage_search,1
opslagruimte huren rotterdam,NL,590,customer_storage_search,1
opslagruimte huren prijzen,NL,480,customer_storage_search,1
prijs opslagruimte huren,NL,480,customer_storage_search,5
prijzen opslagruimte huren,NL,480,customer_storage_search,2
opslagruimte huren groningen,NL,390,customer_storage_search,1
opslagruimte huren in groningen,NL,320,customer_storage_search,1
opslagruimte huren in utrecht,NL,210,customer_storage_search,1
opslagruimte huren utrecht,NL,210,customer_storage_search,1
opslagruimte huren bij particulier,NL,170,customer_storage_search,1
opslagruimte huren eindhoven,NL,170,customer_storage_search,1
opslagruimte huren in eindhoven,NL,170,customer_storage_search,1
tijdelijke opslagruimte huren,NL,170,customer_storage_search,3
wat kost opslagruimte huren,NL,170,customer_storage_search,1
goedkoopste opslagruimte huren,NL,140,customer_storage_search,1
opslagruimte huren goedkoop,NL,140,customer_storage_search,2
opslagruimte huren amsterdam noord,NL,110,customer_storage_search,1
opslagruimte huren amsterdam west,NL,110,customer_storage_search,1
opslagruimte huren antwerpen,BE,110,customer_storage_search,5
opslagruimte huren zaandam,NL,110,customer_storage_search,1
opslagruimte huren barendrecht,NL,70,customer_storage_search,1
opslagruimte huren gent,BE,70,customer_storage_search,1
goedkope opslagruimte huren,NL,50,customer_storage_search,1
tijdelijk opslagruimte huren,NL,50,customer_storage_search,1
goedkoop opslagruimte huren,NL,40,customer_storage_search,1
google drive en,NL,301000,irrelevant_or_broad,1
drive,BE,110000,irrelevant_or_broad,1
dropbox,NL,74000,irrelevant_or_broad,1
dropboxen,NL,74000,irrelevant_or_broad,1
billit,BE,40500,irrelevant_or_broad,1
drop box,BE,40500,irrelevant_or_broad,2
dropbox,BE,40500,irrelevant_or_broad,2
kobo,BE,18100,irrelevant_or_broad,5
hoogslaper,NL,12100,irrelevant_or_broad,1
quillbot,BE,9900,irrelevant_or_broad,5
huren opslagruimte,NL,8100,irrelevant_or_broad,1
huren van opslagruimte,NL,8100,irrelevant_or_broad,6
huur opslagruimte,NL,8100,irrelevant_or_broad,1
logistiek,NL,8100,irrelevant_or_broad,1
logistieke,NL,8100,irrelevant_or_broad,1
opslagruimtes huren,NL,8100,irrelevant_or_broad,1
b parking,BE,6600,irrelevant_or_broad,1
b-parking,BE,6600,irrelevant_or_broad,1
allsafe mini opslag,NL,5400,irrelevant_or_broad,2
bepark,BE,5400,irrelevant_or_broad,1
allsafe,NL,4400,irrelevant_or_broad,3
mini opslag,NL,4400,irrelevant_or_broad,1
all safe,NL,3600,irrelevant_or_broad,1
let's save food,BE,3600,irrelevant_or_broad,3
treesize,NL,3600,irrelevant_or_broad,1
win dir,NL,3600,irrelevant_or_broad,1
win dir start,NL,3600,irrelevant_or_broad,1
windirstat,NL,3600,irrelevant_or_broad,1
0ne drive microsoft,NL,2900,irrelevant_or_broad,1
te huur mechelen,BE,2900,irrelevant_or_broad,1
win dir stat,NL,2900,irrelevant_or_broad,1
adobe sign,NL,2400,irrelevant_or_broad,1
billit inloggen,BE,2400,irrelevant_or_broad,1
digitale handtekeningen,NL,2400,irrelevant_or_broad,1
forest national parking,BE,2400,irrelevant_or_broad,1
garage te huur,BE,2400,irrelevant_or_broad,2
google drive opslag,NL,2400,irrelevant_or_broad,2
handtekening,BE,2400,irrelevant_or_broad,1
handtekeningen,BE,2400,irrelevant_or_broad,1
hoogslaper,BE,2400,irrelevant_or_broad,1
huren opslagbox,NL,2400,irrelevant_or_broad,6
huur opslag,NL,2400,irrelevant_or_broad,1
logistiek,BE,2400,irrelevant_or_broad,1
logistieke,BE,2400,irrelevant_or_broad,1
opslag huren,NL,2400,irrelevant_or_broad,8
opslag huur,NL,2400,irrelevant_or_broad,7
opslagruimte,NL,2400,irrelevant_or_broad,1
parking forest national,BE,2400,irrelevant_or_broad,1
te huur garage,BE,2400,irrelevant_or_broad,2
wetransfer free,BE,2400,irrelevant_or_broad,1
bedrijfsruimtes te huur,NL,1900,irrelevant_or_broad,1
digitaal handtekening,NL,1900,irrelevant_or_broad,1
digitale handtekening,NL,1900,irrelevant_or_broad,1
google opslag,NL,1900,irrelevant_or_broad,2
opslag google,NL,1900,irrelevant_or_broad,2
opslagruimtes,NL,1900,irrelevant_or_broad,1
parking audi,BE,1900,irrelevant_or_broad,1
te huur bedrijfsruimte,NL,1900,irrelevant_or_broad,1
treesize free,NL,1900,irrelevant_or_broad,1
win dir start,BE,1900,irrelevant_or_broad,1
windirstat,BE,1900,irrelevant_or_broad,1
wiztree,NL,1900,irrelevant_or_broad,1
bepark parking,BE,1600,irrelevant_or_broad,1
google drive opslagruimte,NL,1600,irrelevant_or_broad,1
google drive-opslag,NL,1600,irrelevant_or_broad,1
hoogslaper 140x200,NL,1600,irrelevant_or_broad,1
treesize,BE,1600,irrelevant_or_broad,1
win dir stat,BE,1600,irrelevant_or_broad,1
win dir stats,BE,1600,irrelevant_or_broad,1
wind dir stat,BE,1600,irrelevant_or_broad,1
betekenis logistiek,NL,1300,irrelevant_or_broad,1
betekenis van logistiek,NL,1300,irrelevant_or_broad,1
cloud opslag,NL,1300,irrelevant_or_broad,3
download dropbox,BE,1300,irrelevant_or_broad,2
hidrive,NL,1300,irrelevant_or_broad,1
hoogslaper 140 x 200,NL,1300,irrelevant_or_broad,1
hoogslaper bureau,BE,1300,irrelevant_or_broad,1
hoogslaper met bureau,BE,1300,irrelevant_or_broad,1
huren opslagruimte,BE,1300,irrelevant_or_broad,11
huren van opslagruimte,BE,1300,irrelevant_or_broad,9
huur opslagruimte,BE,1300,irrelevant_or_broad,8
logistiek betekenis,NL,1300,irrelevant_or_broad,1
logistieke betekenis,NL,1300,irrelevant_or_broad,1
opslagruimte huur,BE,1300,irrelevant_or_broad,7
opslagruimtes huren,BE,1300,irrelevant_or_broad,7
paraphrasing tool,BE,1300,irrelevant_or_broad,5
parking brussel zuid,BE,1300,irrelevant_or_broad,1
winkels werkkledij,BE,1300,irrelevant_or_broad,4
allsafe almere,NL,1000,irrelevant_or_broad,1
allsafe breda,NL,1000,irrelevant_or_broad,1
allsafe mini opslag breda,NL,1000,irrelevant_or_broad,2
allsafe mini opslag den haag zuid,NL,1000,irrelevant_or_broad,1
allsafe tilburg,NL,1000,irrelevant_or_broad,1
drop box gratis,NL,1000,irrelevant_or_broad,1
handelspand te huur,BE,1000,irrelevant_or_broad,1
handelspanden te huur,BE,1000,irrelevant_or_broad,1
huis te huur vlaams brabant,BE,1000,irrelevant_or_broad,1
loods te huur,BE,1000,irrelevant_or_broad,1
loodsen te huur,BE,1000,irrelevant_or_broad,1
myflexipark parking forest national,BE,1000,irrelevant_or_broad,1
online handtekening maken,NL,1000,irrelevant_or_broad,1
opslagruimte te huur,BE,1000,irrelevant_or_broad,11
opslagruimtes te huur,BE,1000,irrelevant_or_broad,8
te huur handelspand,BE,1000,irrelevant_or_broad,1
te huur loods,BE,1000,irrelevant_or_broad,1
te huur opslagruimte,BE,1000,irrelevant_or_broad,9
werkkledij winkel,BE,1000,irrelevant_or_broad,3
werkkledij winkels,BE,1000,irrelevant_or_broad,3
wiztree,BE,1000,irrelevant_or_broad,1
1box,NL,880,irrelevant_or_broad,1
allsafe mini opslag tilburg,NL,880,irrelevant_or_broad,1
allsafe zwolle,NL,880,irrelevant_or_broad,3
bedrijfspand met woning te koop,NL,880,irrelevant_or_broad,1
bedrijfspanden met woning te koop,NL,880,irrelevant_or_broad,1
cubby de beer,NL,880,irrelevant_or_broad,1
dropbox dl,BE,880,irrelevant_or_broad,2
files share,BE,880,irrelevant_or_broad,1
garage huren,BE,880,irrelevant_or_broad,2
huis te huur vlaams-brabant,BE,880,irrelevant_or_broad,1
huren box,NL,880,irrelevant_or_broad,1
huur box,NL,880,irrelevant_or_broad,1
loods te huur,NL,880,irrelevant_or_broad,1
loodsen te huur,NL,880,irrelevant_or_broad,1
magazijn te huur,BE,880,irrelevant_or_broad,1
magazijnen te huur,BE,880,irrelevant_or_broad,1
onedrive abonnement,NL,880,irrelevant_or_broad,1
onedrive-abonnement,NL,880,irrelevant_or_broad,1
opslagman,NL,880,irrelevant_or_broad,1
opslagman.nl opslagruimte utrecht,NL,880,irrelevant_or_broad,1
rephrase,BE,880,irrelevant_or_broad,4
rewrite text,BE,880,irrelevant_or_broad,4
te huur loods,NL,880,irrelevant_or_broad,1
te koop bedrijfspand met woning,NL,880,irrelevant_or_broad,1
tric,BE,880,irrelevant_or_broad,4
wat is logistiek,NL,880,irrelevant_or_broad,1
woning met bedrijfspand te koop,NL,880,irrelevant_or_broad,1
allsafe leiderdorp,NL,720,irrelevant_or_broad,1
allsafe mini opslag den bosch,NL,720,irrelevant_or_broad,1
allsafe mini opslag eindhoven,NL,720,irrelevant_or_broad,1
allsafe mini opslag leiderdorp,NL,720,irrelevant_or_broad,1
allsafe mini opslag zwolle,NL,720,irrelevant_or_broad,1
betekenis logistiek,BE,720,irrelevant_or_broad,1
box huren,NL,720,irrelevant_or_broad,9
digitaal handtekening,BE,720,irrelevant_or_broad,1
digitale handtekening,BE,720,irrelevant_or_broad,1
dropbox download,BE,720,irrelevant_or_broad,2
file share,BE,720,irrelevant_or_broad,1
file sharing,BE,720,irrelevant_or_broad,1
file transfer,BE,720,irrelevant_or_broad,1
huurovereenkomst,BE,720,irrelevant_or_broad,1
logistics betekenis,BE,720,irrelevant_or_broad,1
logistiek betekenis,BE,720,irrelevant_or_broad,1
logistiek opleiding,NL,720,irrelevant_or_broad,1
logistieke opleiding,NL,720,irrelevant_or_broad,1
logistieke opleidingen,NL,720,irrelevant_or_broad,1
luggage locker,BE,720,irrelevant_or_broad,1
luggage lockers,BE,720,irrelevant_or_broad,1
my google drive,BE,720,irrelevant_or_broad,1
onedrive abonnementen,NL,720,irrelevant_or_broad,1
opleiding logistiek,NL,720,irrelevant_or_broad,1
send file,NL,720,irrelevant_or_broad,1
send files,NL,720,irrelevant_or_broad,1
share files,BE,720,irrelevant_or_broad,1
treesize free,BE,720,irrelevant_or_broad,1
allsafe mini opslag den haag noord oost,NL,590,irrelevant_or_broad,1
allsafe mini opslag rotterdam ijsselmonde ridderkerk,NL,590,irrelevant_or_broad,2
billit aanmelden,BE,590,irrelevant_or_broad,1
boxes plastic,NL,590,irrelevant_or_broad,1
cubby,NL,590,irrelevant_or_broad,1
digitale handtekeningen,BE,590,irrelevant_or_broad,1
file transfer large,NL,590,irrelevant_or_broad,1
forest national parking audi,BE,590,irrelevant_or_broad,1
garage gent te huur,BE,590,irrelevant_or_broad,1
google cloud opslag,NL,590,irrelevant_or_broad,2
google drive kosten,NL,590,irrelevant_or_broad,1
google drive prive,NL,590,irrelevant_or_broad,1
handtekening online,NL,590,irrelevant_or_broad,1
it's me download,BE,590,irrelevant_or_broad,1
kosten google drive,NL,590,irrelevant_or_broad,2
logistiek opleidingen,NL,590,irrelevant_or_broad,1
logistieke betekenis,BE,590,irrelevant_or_broad,1
online handtekening,NL,590,irrelevant_or_broad,1
online signature,NL,590,irrelevant_or_broad,1
opleidingen logistiek,NL,590,irrelevant_or_broad,1
opslag box,NL,590,irrelevant_or_broad,4
opslag meubelen,NL,590,irrelevant_or_broad,2
paper mill,BE,590,irrelevant_or_broad,1
parking audi forest national,BE,590,irrelevant_or_broad,1
parking station brussel zuid,BE,590,irrelevant_or_broad,1
tijdelijk opslag,NL,590,irrelevant_or_broad,4
tijdelijke opslag,NL,590,irrelevant_or_broad,3
transfer files,NL,590,irrelevant_or_broad,1
tric kuurne,BE,590,irrelevant_or_broad,3
wat is dropbox,NL,590,irrelevant_or_broad,1
wat is een dropbox,NL,590,irrelevant_or_broad,1
wat is logistics,BE,590,irrelevant_or_broad,1
allsafe den haag,NL,480,irrelevant_or_broad,1
allsafe nijmegen,NL,480,irrelevant_or_broad,1
be park,BE,480,irrelevant_or_broad,1
brussel zuid parking,BE,480,irrelevant_or_broad,1
cloudopslag,NL,480,irrelevant_or_broad,2
digitale handtekening maken,BE,480,irrelevant_or_broad,1
dropbox connexion,BE,480,irrelevant_or_broad,2
file transfer large files free,NL,480,irrelevant_or_broad,1
garage den haag huren,NL,480,irrelevant_or_broad,1
garage huur den haag,NL,480,irrelevant_or_broad,1
garages mechelen,BE,480,irrelevant_or_broad,1
hidrive strato,NL,480,irrelevant_or_broad,1
hoogslaper 2 personen,BE,480,irrelevant_or_broad,1
hoogslaper 2 persoons,BE,480,irrelevant_or_broad,1
huurovereenkomst voorbeeld,NL,480,irrelevant_or_broad,1
opslag boxen,NL,480,irrelevant_or_broad,2
opslag meubels,NL,480,irrelevant_or_broad,2
opslagruimte,BE,480,irrelevant_or_broad,11
opslagruimte box,NL,480,irrelevant_or_broad,4
opslagruimten,BE,480,irrelevant_or_broad,8
opslagruimtes,BE,480,irrelevant_or_broad,5
parking midi,BE,480,irrelevant_or_broad,1
parking station brussel-zuid,BE,480,irrelevant_or_broad,1
send big files for free,NL,480,irrelevant_or_broad,1
send big files free online,NL,480,irrelevant_or_broad,1
send large files for free,NL,480,irrelevant_or_broad,1
share big files free,NL,480,irrelevant_or_broad,1
share large files free,NL,480,irrelevant_or_broad,1
solar edge batterij,BE,480,irrelevant_or_broad,1
stapelbed met bureau,BE,480,irrelevant_or_broad,1
tijdelijk opslaan,NL,480,irrelevant_or_broad,3
transfer large files for free,NL,480,irrelevant_or_broad,1
transfer large files free,NL,480,irrelevant_or_broad,1
wat is logistiek,BE,480,irrelevant_or_broad,1
allsafe apeldoorn,NL,390,irrelevant_or_broad,1
allsafe arnhem,NL,390,irrelevant_or_broad,1
allsafe ede,NL,390,irrelevant_or_broad,1
allsafe eindhoven,NL,390,irrelevant_or_broad,1
bepark bruxelles,BE,390,irrelevant_or_broad,1
billit prijs,BE,390,irrelevant_or_broad,1
brussels midi parking,BE,390,irrelevant_or_broad,1
brussels midi station parking,BE,390,irrelevant_or_broad,1
caravan stalling noord holland,NL,390,irrelevant_or_broad,2
caravan stalling noord-holland,NL,390,irrelevant_or_broad,2
download treesize,NL,390,irrelevant_or_broad,1
elektronisch handtekening,NL,390,irrelevant_or_broad,1
elektronische handtekening,NL,390,irrelevant_or_broad,1
goedkoopste opslagruimte,NL,390,irrelevant_or_broad,2
goedkope opslagruimte,NL,390,irrelevant_or_broad,2
huurovereenkomst pdf,BE,390,irrelevant_or_broad,1
inboedel opslag,NL,390,irrelevant_or_broad,2
logistiek opleiding,BE,390,irrelevant_or_broad,1
logistieke opleidingen,BE,390,irrelevant_or_broad,1
online opslag,NL,390,irrelevant_or_broad,3
online opslagdienst,NL,390,irrelevant_or_broad,3
opleiding logistiek,BE,390,irrelevant_or_broad,1
opleidingen logistiek,BE,390,irrelevant_or_broad,1
opslag den haag,NL,390,irrelevant_or_broad,1
opslag in amsterdam,NL,390,irrelevant_or_broad,1
opslag online,NL,390,irrelevant_or_broad,3
opslag prijzen,NL,390,irrelevant_or_broad,2
opslagman utrecht,NL,390,irrelevant_or_broad,1
opslagruimte goedkoop,NL,390,irrelevant_or_broad,2
opslagruimte prijzen,NL,390,irrelevant_or_broad,2
opslagruimte te huur,NL,390,irrelevant_or_broad,5
organizer boxes,NL,390,irrelevant_or_broad,1
parking brussels midi,BE,390,irrelevant_or_broad,1
storo,BE,390,irrelevant_or_broad,3
strato hidrive,NL,390,irrelevant_or_broad,1
te huur opslagruimte,NL,390,irrelevant_or_broad,4
treesize download,NL,390,irrelevant_or_broad,1
upload files,BE,390,irrelevant_or_broad,1
wat kost caravanstalling,NL,390,irrelevant_or_broad,2
brussel-zuid station parking,BE,320,irrelevant_or_broad,1
cloud opslag gratis,NL,320,irrelevant_or_broad,2
cloud provider eu,NL,320,irrelevant_or_broad,1
download windirstat,NL,320,irrelevant_or_broad,1
dropbox gratis,BE,320,irrelevant_or_broad,2
dropbox gratuit,BE,320,irrelevant_or_broad,2
elektronische handtekening,BE,320,irrelevant_or_broad,1
eu cloud providers,NL,320,irrelevant_or_broad,1
garage mechelen te huur,BE,320,irrelevant_or_broad,1
garage te huur in de buurt,BE,320,irrelevant_or_broad,2
garage te huur in mechelen,BE,320,irrelevant_or_broad,1
gratis cloud opslag,NL,320,irrelevant_or_broad,3
gratis opslag cloud,NL,320,irrelevant_or_broad,2
hoogslaper 140 x 200,BE,320,irrelevant_or_broad,1
hoogslaper 140x200,BE,320,irrelevant_or_broad,1
hoogslaper ikea 140x200,NL,320,irrelevant_or_broad,1
hoogslapers met bureau,BE,320,irrelevant_or_broad,1
kuub opslag,BE,320,irrelevant_or_broad,3
logistieke opleiding,BE,320,irrelevant_or_broad,1
onedrive enterprise,NL,320,irrelevant_or_broad,1
online backup cloud,NL,320,irrelevant_or_broad,1
opslag box huren,NL,320,irrelevant_or_broad,4
opslag cloud gratis,NL,320,irrelevant_or_broad,2
opslag inboedel,NL,320,irrelevant_or_broad,2
opslagruimtes te huur,NL,320,irrelevant_or_broad,4
panden te huur,NL,320,irrelevant_or_broad,1
pandjes te huur,NL,320,irrelevant_or_broad,1
paraphrase tool,BE,320,irrelevant_or_broad,4
parkeren brussel zuid,BE,320,irrelevant_or_broad,1
parking brussel-zuid station,BE,320,irrelevant_or_broad,1
send large files,BE,320,irrelevant_or_broad,1
sending large files,BE,320,irrelevant_or_broad,1
sharing big files,NL,320,irrelevant_or_broad,1
stockageruimte huren,BE,320,irrelevant_or_broad,3
te huur bedrijfsruimte met woning,NL,320,irrelevant_or_broad,1
te huur panden,NL,320,irrelevant_or_broad,1
te huur woning met bedrijfsruimte,NL,320,irrelevant_or_broad,1
transfer files,BE,320,irrelevant_or_broad,1
upload file,BE,320,irrelevant_or_broad,1
voorbeeld huurovereenkomst,NL,320,irrelevant_or_broad,1
1box rijswijk,NL,260,irrelevant_or_broad,1
adobe acrobat signature,NL,260,irrelevant_or_broad,1
allsafe opslag,NL,260,irrelevant_or_broad,1
allsafe purmerend,NL,260,irrelevant_or_broad,1
allsafe zoetermeer,NL,260,irrelevant_or_broad,1
bedrijfsruimte met woning te huur,NL,260,irrelevant_or_broad,1
bepark,NL,260,irrelevant_or_broad,1
beparking,NL,260,irrelevant_or_broad,1
betaalterminal kopen,BE,260,irrelevant_or_broad,1
box huren amsterdam,NL,260,irrelevant_or_broad,1
camper stalling gelderland,NL,260,irrelevant_or_broad,2
cloud opslag vergelijken,NL,260,irrelevant_or_broad,3
e-factuur,NL,260,irrelevant_or_broad,1
europese cloud opslag,NL,260,irrelevant_or_broad,3
file share online,NL,260,irrelevant_or_broad,1
garage te huur mechelen,BE,260,irrelevant_or_broad,1
google drive abonnement,NL,260,irrelevant_or_broad,1
handtekening toevoegen pdf,BE,260,irrelevant_or_broad,1
huur loods,BE,260,irrelevant_or_broad,1
ikea storå,NL,260,irrelevant_or_broad,1
kosten opslagruimte,NL,260,irrelevant_or_broad,1
loods huren,BE,260,irrelevant_or_broad,1
online file share,NL,260,irrelevant_or_broad,1
online file sharing,NL,260,irrelevant_or_broad,1
opleidingen transport en logistiek,NL,260,irrelevant_or_broad,1
opslag boxen huren,NL,260,irrelevant_or_broad,2
opslag groningen,NL,260,irrelevant_or_broad,1
opslag rotterdam,NL,260,irrelevant_or_broad,1
opslag spullen,NL,260,irrelevant_or_broad,2
opslagbox den haag,NL,260,irrelevant_or_broad,1
opslagruimte groningen,NL,260,irrelevant_or_broad,1
pdf handtekening toevoegen,BE,260,irrelevant_or_broad,1
send files,BE,260,irrelevant_or_broad,1
share files online,NL,260,irrelevant_or_broad,1
signature adobe acrobat,NL,260,irrelevant_or_broad,1
stockage ruimte huren,BE,260,irrelevant_or_broad,1
tijdelijke opslag inboedel,NL,260,irrelevant_or_broad,2
treesize download free,NL,260,irrelevant_or_broad,1
treesize free download,NL,260,irrelevant_or_broad,1
vergelijking cloud opslag,NL,260,irrelevant_or_broad,2
win dir stat download,NL,260,irrelevant_or_broad,1
windirstat download,NL,260,irrelevant_or_broad,1
winstat download,NL,260,irrelevant_or_broad,1
woning met bedrijfsruimte te huur,NL,260,irrelevant_or_broad,1
adobe sign pdf,NL,210,irrelevant_or_broad,1
android telefoon opschonen,NL,210,irrelevant_or_broad,1
box huren rotterdam,NL,210,irrelevant_or_broad,1
caravan stallen,NL,210,irrelevant_or_broad,2
cloud opslag vergelijk,NL,210,irrelevant_or_broad,2
cobalt box,BE,210,irrelevant_or_broad,5
elektronische handtekening maken,NL,210,irrelevant_or_broad,1
free transfer large files,BE,210,irrelevant_or_broad,1
hoogslaper 140x200 volwassenen,NL,210,irrelevant_or_broad,1
huur magazijn,BE,210,irrelevant_or_broad,1
huurovereenkomsten voorbeeld,BE,210,irrelevant_or_broad,1
large files transfer,NL,210,irrelevant_or_broad,1
logistiek medewerker opleiding,NL,210,irrelevant_or_broad,1
magazijn huren,BE,210,irrelevant_or_broad,1
magazijn huur,BE,210,irrelevant_or_broad,1
mobiele opslag,NL,210,irrelevant_or_broad,1
mobiele opslagbox,NL,210,irrelevant_or_broad,1
onedrive business,NL,210,irrelevant_or_broad,1
opleidingen logistiek en transport,NL,210,irrelevant_or_broad,1
opschonen mobiel,NL,210,irrelevant_or_broad,1
opslag huren groningen,NL,210,irrelevant_or_broad,1
opslag kosten,NL,210,irrelevant_or_broad,2
opslagplaatsen,BE,210,irrelevant_or_broad,3
opslagunit huren,NL,210,irrelevant_or_broad,1
pdf adobe signature,NL,210,irrelevant_or_broad,1
ruimtes te huur,NL,210,irrelevant_or_broad,1
safe store gent,BE,210,irrelevant_or_broad,2
send files free,NL,210,irrelevant_or_broad,1
send large files free,BE,210,irrelevant_or_broad,1
sign adobe pdf,NL,210,irrelevant_or_broad,1
stalling voor caravan,NL,210,irrelevant_or_broad,2
tijdelijk opslagruimte,NL,210,irrelevant_or_broad,3
tijdelijke opslag ruimte,NL,210,irrelevant_or_broad,3
tijdelijke opslagruimte,NL,210,irrelevant_or_broad,3
transfer large files free,BE,210,irrelevant_or_broad,1
transport en logistiek opleidingen,NL,210,irrelevant_or_broad,1
voorbeeld huurovereenkomst,BE,210,irrelevant_or_broad,1
wat betekent logistiek,NL,210,irrelevant_or_broad,1
wat is dropbox,BE,210,irrelevant_or_broad,2
wat kost opslagruimte per m2,NL,210,irrelevant_or_broad,1
werkplaats te huur,BE,210,irrelevant_or_broad,1
adobe e sign,NL,170,irrelevant_or_broad,1
adobe e signature,NL,170,irrelevant_or_broad,1
allsafe mini,NL,170,irrelevant_or_broad,1
bedrijfspand te huur,BE,170,irrelevant_or_broad,1
bepark brussel,BE,170,irrelevant_or_broad,1
bepark for business,BE,170,irrelevant_or_broad,1
beste cloud opslag,NL,170,irrelevant_or_broad,1
betaal terminal,BE,170,irrelevant_or_broad,1
box opslagruimte,NL,170,irrelevant_or_broad,5
cloud opslag veilig,NL,170,irrelevant_or_broad,1
cubby,BE,170,irrelevant_or_broad,1
download win dir stat,BE,170,irrelevant_or_broad,1
download windirstat,BE,170,irrelevant_or_broad,1
e factuur,BE,170,irrelevant_or_broad,1
e signature adobe,NL,170,irrelevant_or_broad,1
e-sign adobe,NL,170,irrelevant_or_broad,1
e-signature adobe,NL,170,irrelevant_or_broad,1
furreal cubby de beer,NL,170,irrelevant_or_broad,1
gratis cloud opslag google,NL,170,irrelevant_or_broad,2
halfhoogslaper 140,NL,170,irrelevant_or_broad,1
hoogslaper 140,NL,170,irrelevant_or_broad,1
huur opslagplaats,BE,170,irrelevant_or_broad,8
icloud-opslag leegmaken,BE,170,irrelevant_or_broad,2
industrie te huur,BE,170,irrelevant_or_broad,1
magazijn te huur,NL,170,irrelevant_or_broad,1
magazijnen te huur,NL,170,irrelevant_or_broad,1
mobiel opschonen,NL,170,irrelevant_or_broad,1
nederlandse cloud opslag,NL,170,irrelevant_or_broad,1
opleidingen logistiek medewerker,BE,170,irrelevant_or_broad,1
opslag goedkoop,NL,170,irrelevant_or_broad,3
opslagbox eindhoven,NL,170,irrelevant_or_broad,1
opslagman amersfoort,NL,170,irrelevant_or_broad,1
opslagman zoetermeer,NL,170,irrelevant_or_broad,1
opslagplaats huren,BE,170,irrelevant_or_broad,8
opslagplek huren,NL,170,irrelevant_or_broad,6
opslagruimte nodig,NL,170,irrelevant_or_broad,1
safestore,BE,170,irrelevant_or_broad,1
send big files,BE,170,irrelevant_or_broad,1
solaredge thuisbatterij 3 fase,NL,170,irrelevant_or_broad,1
solaredge thuisbatterij 3-fase,NL,170,irrelevant_or_broad,1
tijdelijke opslag huren,NL,170,irrelevant_or_broad,2
tijdelijke opslag meubels,NL,170,irrelevant_or_broad,3
veilige cloud opslag,NL,170,irrelevant_or_broad,2
veiligste cloud opslag,NL,170,irrelevant_or_broad,3
wat kost een opslagbox,NL,170,irrelevant_or_broad,1
werkplaats te huur,NL,170,irrelevant_or_broad,1
win tree,NL,170,irrelevant_or_broad,1
bedrijfsvastgoed te huur,BE,140,irrelevant_or_broad,1
bepark brussels,BE,140,irrelevant_or_broad,1
bepark parking opera antwerp,NL,140,irrelevant_or_broad,1
box verhuur,NL,140,irrelevant_or_broad,2
cubby de beer,BE,140,irrelevant_or_broad,1
garage huren zaandam,NL,140,irrelevant_or_broad,1
garage zaandam huren,NL,140,irrelevant_or_broad,1
goedkoopste cloud opslag,NL,140,irrelevant_or_broad,1
huis met loods te huur,BE,140,irrelevant_or_broad,1
huren betaalterminal,BE,140,irrelevant_or_broad,1
huren box opslagruimte,NL,140,irrelevant_or_broad,6
huur box opslagruimte,NL,140,irrelevant_or_broad,2
huur opslag,BE,140,irrelevant_or_broad,8
inboedel opslag kosten,NL,140,irrelevant_or_broad,1
kosten opslag inboedel,NL,140,irrelevant_or_broad,1
mbo opleidingen logistiek,NL,140,irrelevant_or_broad,1
opleidingen logistiek en transport,BE,140,irrelevant_or_broad,1
opleidingen transport en logistiek,BE,140,irrelevant_or_broad,1
opslag huisraad,NL,140,irrelevant_or_broad,1
opslag huren,BE,140,irrelevant_or_broad,2
opslag huur,BE,140,irrelevant_or_broad,8
opslag inboedel kosten,NL,140,irrelevant_or_broad,1
opslag telefoon vol,NL,140,irrelevant_or_broad,1
opslag zaandam,NL,140,irrelevant_or_broad,1
opslagboxen huren,BE,140,irrelevant_or_broad,5
opslagman nl opslagruimte zoetermeer,NL,140,irrelevant_or_broad,1
opslagruimte prijs,NL,140,irrelevant_or_broad,1
prijzen opslagruimte,NL,140,irrelevant_or_broad,1
steenhuis mini opslag,NL,140,irrelevant_or_broad,1
stockage ruimte,BE,140,irrelevant_or_broad,4
storedge,NL,140,irrelevant_or_broad,1
storo mechelen,BE,140,irrelevant_or_broad,3
treesize portable,BE,140,irrelevant_or_broad,1
télécharger dropbox,BE,140,irrelevant_or_broad,2
win dir stat download,BE,140,irrelevant_or_broad,1
windirstat download,BE,140,irrelevant_or_broad,1
wiztree download,NL,140,irrelevant_or_broad,1
1box barendrecht,NL,110,irrelevant_or_broad,1
betaalterminal huren,BE,110,irrelevant_or_broad,1
betaalterminals huren,BE,110,irrelevant_or_broad,1
box te huur,NL,110,irrelevant_or_broad,2
boxen te huur,NL,110,irrelevant_or_broad,3
electronic signatures free,NL,110,irrelevant_or_broad,1
free e-sign,NL,110,irrelevant_or_broad,1
furreal cubby,NL,110,irrelevant_or_broad,1
furreal friends cubby de beer,NL,110,irrelevant_or_broad,1
handtekening digitaal,NL,110,irrelevant_or_broad,1
hidrive,BE,110,irrelevant_or_broad,1
hoogslaper twijfelaar,BE,110,irrelevant_or_broad,1
hoogslapers,BE,110,irrelevant_or_broad,1
huurovereenkomst bedrijfsruimte voorbeeld,NL,110,irrelevant_or_broad,1
ikea hoogslaper storå,NL,110,irrelevant_or_broad,1
ikea storå hoogslaper,NL,110,irrelevant_or_broad,1
insphire,NL,110,irrelevant_or_broad,1
meubelbewaring,BE,110,irrelevant_or_broad,1
miniopslag,NL,110,irrelevant_or_broad,1
opbergbox huren,NL,110,irrelevant_or_broad,4
opschonen gsm,BE,110,irrelevant_or_broad,2
opslag amsterdam noord,NL,110,irrelevant_or_broad,1
opslag wormerveer,NL,110,irrelevant_or_broad,1
opslagplaats huren,NL,110,irrelevant_or_broad,1
opslagruimte vrijmaken android,NL,110,irrelevant_or_broad,1
safe store,BE,110,irrelevant_or_broad,1
send files free,BE,110,irrelevant_or_broad,1
solaredge hybride omvormer 3 fase,NL,110,irrelevant_or_broad,1
solaredge hybride omvormer 3-fase,NL,110,irrelevant_or_broad,1
solaredge storedge inverter,NL,110,irrelevant_or_broad,1
storedge solaredge,NL,110,irrelevant_or_broad,1
verhuur opslagruimte,NL,110,irrelevant_or_broad,1
wat is een e factuur,NL,110,irrelevant_or_broad,1
wat is een e-factuur,NL,110,irrelevant_or_broad,1
berging huren,NL,90,irrelevant_or_broad,1
box huren,BE,90,irrelevant_or_broad,1
caravan stalling binnen,NL,90,irrelevant_or_broad,2
caravanstalling binnen,NL,90,irrelevant_or_broad,3
cubby de beer aanbieding,NL,90,irrelevant_or_broad,1
cubby de beer handleiding,NL,90,irrelevant_or_broad,1
definitie logistiek,NL,90,irrelevant_or_broad,1
digital signature free,NL,90,irrelevant_or_broad,1
download treesize,BE,90,irrelevant_or_broad,1
e signature free,NL,90,irrelevant_or_broad,1
electronic signature free,NL,90,irrelevant_or_broad,1
esignature free,NL,90,irrelevant_or_broad,1
free digital signature,NL,90,irrelevant_or_broad,1
free e signature,NL,90,irrelevant_or_broad,1
furreal beer,NL,90,irrelevant_or_broad,1
furreal cubby de beer,BE,90,irrelevant_or_broad,1
garage te huur zaandam,NL,90,irrelevant_or_broad,1
halfhoogslaper 140x200,NL,90,irrelevant_or_broad,1
hidrive inloggen,NL,90,irrelevant_or_broad,1
hoogslaper 140x200 met bureau,NL,90,irrelevant_or_broad,1
houter mini opslag,NL,90,irrelevant_or_broad,2
huurovereenkomst garage,BE,90,irrelevant_or_broad,1
huurovereenkomst voorbeeld bedrijfsruimte,NL,90,irrelevant_or_broad,1
logistiek en transport opleiding,BE,90,irrelevant_or_broad,1
opleiding logistiek en transport,BE,90,irrelevant_or_broad,1
opslagbox zaandam,NL,90,irrelevant_or_broad,1
opslagruimte antwerpen te huur,BE,90,irrelevant_or_broad,4
opslagruimte te huur antwerpen,BE,90,irrelevant_or_broad,4
opslagruimte telefoon,NL,90,irrelevant_or_broad,1
opslagruimte vrijmaken,NL,90,irrelevant_or_broad,1
pratende beer,NL,90,irrelevant_or_broad,1
ruimte vrijmaken android,NL,90,irrelevant_or_broad,1
ruimte vrijmaken samsung,NL,90,irrelevant_or_broad,1
solaredge storedge,NL,90,irrelevant_or_broad,1
storedge,BE,90,irrelevant_or_broad,1
storo brecht,BE,90,irrelevant_or_broad,2
storo roeselare,BE,90,irrelevant_or_broad,2
strato cloud,NL,90,irrelevant_or_broad,1
transport en logistiek opleiding,BE,90,irrelevant_or_broad,1
treesize download,BE,90,irrelevant_or_broad,1
treeview free,BE,90,irrelevant_or_broad,1
voorbeeld huurovereenkomst bedrijfsruimte,NL,90,irrelevant_or_broad,1
wat betekent logistiek,BE,90,irrelevant_or_broad,1
allsafe mini opslag ridderkerk,NL,70,irrelevant_or_broad,1
bepark brussel,NL,70,irrelevant_or_broad,1
boxx on wheels,NL,70,irrelevant_or_broad,1
camper stalling hilversum,NL,70,irrelevant_or_broad,2
camperstalling hilversum,NL,70,irrelevant_or_broad,2
caravan buiten stallen,NL,70,irrelevant_or_broad,2
cloud leegmaken android,BE,70,irrelevant_or_broad,2
cloud opslag vol android,BE,70,irrelevant_or_broad,2
cobalt box mortsel,BE,70,irrelevant_or_broad,1
furreal cubby,BE,70,irrelevant_or_broad,1
furreal friends beer,NL,70,irrelevant_or_broad,1
garage kopen zaandam,NL,70,irrelevant_or_broad,1
goedkoopste caravanstalling,NL,70,irrelevant_or_broad,2
goedkope caravan stalling,NL,70,irrelevant_or_broad,3
goedkope caravanstalling,NL,70,irrelevant_or_broad,2
halfhoogslaper 140x200 volwassenen,NL,70,irrelevant_or_broad,1
hoe opslagruimte vrijmaken,BE,70,irrelevant_or_broad,2
huur een box,NL,70,irrelevant_or_broad,1
huur opslagbox,NL,70,irrelevant_or_broad,1
ikea storå bed,NL,70,irrelevant_or_broad,1
interne opslag,BE,70,irrelevant_or_broad,2
iphone opslag vol,BE,70,irrelevant_or_broad,2
iphone-opslag vol,BE,70,irrelevant_or_broad,2
meubel opslag,NL,70,irrelevant_or_broad,1
mobiele opslag voor de deur,NL,70,irrelevant_or_broad,1
my hidrive,NL,70,irrelevant_or_broad,1
opslag huren zwolle,NL,70,irrelevant_or_broad,1
opslagbox te huur,BE,70,irrelevant_or_broad,7
opslagruimte rotterdam zuid,NL,70,irrelevant_or_broad,1
opslagruimte te huur gent,BE,70,irrelevant_or_broad,1
opslagruimte te huur mechelen,BE,70,irrelevant_or_broad,1
opslagruimte verhuur,NL,70,irrelevant_or_broad,4
opslagruimte zaandam,NL,70,irrelevant_or_broad,1
papierfabriek gent,BE,70,irrelevant_or_broad,1
pdf handtekening toevoegen gratis,NL,70,irrelevant_or_broad,1
pdf-handtekening toevoegen gratis,NL,70,irrelevant_or_broad,1
ruimte vrijmaken,NL,70,irrelevant_or_broad,1
solaredge 3 fase batterij,NL,70,irrelevant_or_broad,1
solaredge storedge,BE,70,irrelevant_or_broad,1
storedge solaredge,BE,70,irrelevant_or_broad,1
tijdelijk opslag huren,NL,70,irrelevant_or_broad,1
tijdelijke opslag voor de deur,NL,70,irrelevant_or_broad,1
transfer files online,BE,70,irrelevant_or_broad,1
wat is billit,BE,70,irrelevant_or_broad,1
wintreeview,BE,70,irrelevant_or_broad,1
buitenstalling camper,NL,50,irrelevant_or_broad,2
buitenstalling caravan,NL,50,irrelevant_or_broad,2
caravanstalling buiten,NL,50,irrelevant_or_broad,2
caravanstalling gezocht,NL,50,irrelevant_or_broad,2
caravanstallingen,NL,50,irrelevant_or_broad,2
furreal beer,BE,50,irrelevant_or_broad,1
hidrive strato inloggen,NL,50,irrelevant_or_broad,1
interne opslag samsung,BE,50,irrelevant_or_broad,2
mobiele box,NL,50,irrelevant_or_broad,1
opslagboxen huren,NL,50,irrelevant_or_broad,1
opslagruimte te huur genk,BE,50,irrelevant_or_broad,2
opslagruimte vrijmaken,BE,50,irrelevant_or_broad,2
ruimte vrijmaken op telefoon,NL,50,irrelevant_or_broad,1
sc solutions,NL,50,irrelevant_or_broad,1
site links,NL,50,irrelevant_or_broad,1
solaredge batterij prijs,BE,50,irrelevant_or_broad,1
treesize download free,BE,50,irrelevant_or_broad,1
treesize free download,BE,50,irrelevant_or_broad,1
caravan stalling buiten,NL,40,irrelevant_or_broad,2
fur real friends beer,NL,40,irrelevant_or_broad,1
mobiele opslagruimte,NL,40,irrelevant_or_broad,1
store edge,BE,40,irrelevant_or_broad,1
telefoon opschonen,BE,40,irrelevant_or_broad,1
goedkoop opslag,NL,20,irrelevant_or_broad,1
goedkoop opslagruimte,NL,20,irrelevant_or_broad,1
cloud 1tb,NL,10,irrelevant_or_broad,1
hidrive share,NL,10,irrelevant_or_broad,1
huur betaalterminal,BE,10,irrelevant_or_broad,1
huur garages,BE,10,irrelevant_or_broad,1
huur opslagbox,BE,10,irrelevant_or_broad,6
it's me app,BE,18100,operator_software,1
its me app,BE,12100,operator_software,1
appartement mechelen te huur,BE,3600,operator_software,1
appartement te huur in mechelen,BE,3600,operator_software,1
software treesize,NL,3600,operator_software,1
tree size software,NL,3600,operator_software,1
treesize software,NL,3600,operator_software,1
mechelen appartement te huur,BE,2900,operator_software,1
treesize software,BE,1600,operator_software,1
app dropbox,NL,390,operator_software,1
azure app container,NL,390,operator_software,1
azure container app,NL,390,operator_software,1
azure container apps,NL,390,operator_software,1
drop box app,NL,390,operator_software,1
dropbox app,NL,390,operator_software,1
dropbox-app,NL,390,operator_software,1
it's me app,NL,260,operator_software,1
dropbox app,BE,210,operator_software,2
container app,NL,110,operator_software,1
software voor verhuur,NL,110,operator_software,2
container apps,NL,90,operator_software,1
verhuursoftware,NL,90,operator_software,2
strato app,NL,70,operator_software,1
strato/app,NL,70,operator_software,1
software verhuur,NL,10,operator_software,2
peppol verplicht,BE,2900,payments_billing_compliance,1
e facturatie,BE,1000,payments_billing_compliance,1
e-facturatie,BE,1000,payments_billing_compliance,1
peppol facturen,BE,1000,payments_billing_compliance,1
e-factureren,NL,880,payments_billing_compliance,1
odoo peppol,BE,720,payments_billing_compliance,1
peppol facturatie,BE,720,payments_billing_compliance,1
bancontact terminal,BE,590,payments_billing_compliance,1
facturatie,BE,590,payments_billing_compliance,1
billit peppol,BE,480,payments_billing_compliance,1
e-facturatie verplicht,BE,480,payments_billing_compliance,1
facturatieprogramma,BE,480,payments_billing_compliance,1
e facturen,NL,320,payments_billing_compliance,1
e-facturen,NL,320,payments_billing_compliance,1
e-facturering,NL,320,payments_billing_compliance,1
facturatie software,BE,320,payments_billing_compliance,1
peppol gratis,BE,320,payments_billing_compliance,1
e facturatie peppol,BE,260,payments_billing_compliance,1
e-facturatie peppol,BE,260,payments_billing_compliance,1
e-facturering,BE,260,payments_billing_compliance,1
elektronisch factureren,BE,260,payments_billing_compliance,1
peppol odoo,BE,260,payments_billing_compliance,1
elektronische facturatie,BE,210,payments_billing_compliance,1
btw op verhuur,BE,140,payments_billing_compliance,1
btw verhuur,BE,140,payments_billing_compliance,1
gratis e-facturatie,BE,140,payments_billing_compliance,1
verhuren btw,BE,140,payments_billing_compliance,1
verhuur btw,BE,140,payments_billing_compliance,1
verhuur en btw,BE,140,payments_billing_compliance,1
verhuur met btw,BE,140,payments_billing_compliance,1
bancontact toestel,BE,110,payments_billing_compliance,1
peppol billit,BE,110,payments_billing_compliance,1
wat is e factureren,BE,110,payments_billing_compliance,1
wat is e-facturatie,BE,110,payments_billing_compliance,1
wat is e-factureren,BE,110,payments_billing_compliance,1
btw huur,BE,90,payments_billing_compliance,1
odoo facturatie,BE,90,payments_billing_compliance,1
wat is e facturatie,NL,90,payments_billing_compliance,1
wat is e factureren,NL,90,payments_billing_compliance,1
wat is e-facturatie,NL,90,payments_billing_compliance,1
wat is e-factureren,NL,90,payments_billing_compliance,1
btw en huur,BE,70,payments_billing_compliance,1
huur en btw,BE,70,payments_billing_compliance,1
bancontact huren,BE,50,payments_billing_compliance,1
bancontact terminal huren,BE,50,payments_billing_compliance,1
huur bancontact terminal,BE,50,payments_billing_compliance,1
onroerende verhuur btw,BE,50,payments_billing_compliance,1
verhuur opslagruimte btw,BE,50,payments_billing_compliance,1
huren garagebox,NL,5400,resource_hybrid_storage,1
garagebox huren,NL,4400,resource_hybrid_storage,1
huur garagebox,NL,4400,resource_hybrid_storage,2
garagebox te huur,BE,2400,resource_hybrid_storage,2
huur containers,BE,2400,resource_hybrid_storage,1
te huur garagebox,BE,2400,resource_hybrid_storage,2
huur container,BE,1600,resource_hybrid_storage,1
huur container prijs,BE,1600,resource_hybrid_storage,1
prijs container huren,BE,1600,resource_hybrid_storage,1
prijzen container huren,BE,1600,resource_hybrid_storage,1
afval container huren,BE,1300,resource_hybrid_storage,1
afvalcontainer huren,BE,1300,resource_hybrid_storage,1
breda garagebox,NL,1300,resource_hybrid_storage,1
container huren prijs,BE,1300,resource_hybrid_storage,1
container voor afval,BE,1300,resource_hybrid_storage,1
garagebox breda,NL,1300,resource_hybrid_storage,1
huren containers prijzen,BE,1300,resource_hybrid_storage,1
container gemengd afval,BE,1000,resource_hybrid_storage,1
garagebox te huur,NL,1000,resource_hybrid_storage,2
container gemengd afval prijs,BE,880,resource_hybrid_storage,1
garagebox huren,BE,880,resource_hybrid_storage,1
huren garagebox,BE,880,resource_hybrid_storage,2
huur garagebox,BE,880,resource_hybrid_storage,2
prijs container gemengd afval,BE,880,resource_hybrid_storage,1
garagebox breda,BE,720,resource_hybrid_storage,1
garagebox gent,BE,720,resource_hybrid_storage,1
containerverhuur,BE,590,resource_hybrid_storage,1
garagebox gent te huur,BE,590,resource_hybrid_storage,1
garagebox te huur gent,BE,590,resource_hybrid_storage,1
garagebox verhuur,NL,590,resource_hybrid_storage,1
garagebox wormerveer,NL,590,resource_hybrid_storage,1
garagebox barendrecht,NL,480,resource_hybrid_storage,1
garagebox den haag huren,NL,480,resource_hybrid_storage,1
garagebox huren den haag,NL,480,resource_hybrid_storage,1
garagebox te huur mechelen,BE,260,resource_hybrid_storage,1
opslagcontainer utrecht,NL,260,resource_hybrid_storage,1
garageboxen te huur,NL,210,resource_hybrid_storage,2
garagebox verhuur,BE,170,resource_hybrid_storage,2
opslagcontainer voor de deur,NL,170,resource_hybrid_storage,2
garagebox huren prijs,NL,140,resource_hybrid_storage,2
garagebox huren zaandam,NL,140,resource_hybrid_storage,1
garagebox huurprijs,NL,140,resource_hybrid_storage,2
prijs garagebox huren,NL,140,resource_hybrid_storage,2
prijs huur garagebox,NL,140,resource_hybrid_storage,2
azure container,NL,110,resource_hybrid_storage,1
azure containers,NL,110,resource_hybrid_storage,1
container azure,NL,110,resource_hybrid_storage,1
containers azure,NL,110,resource_hybrid_storage,1
huurprijs garagebox,NL,110,resource_hybrid_storage,2
verhuur container,BE,110,resource_hybrid_storage,1
wat kost een garagebox huren,NL,110,resource_hybrid_storage,1
container verhuur prijzen,BE,90,resource_hybrid_storage,1
garagebox te huur zaandam,NL,90,resource_hybrid_storage,1
garagebox zaandam,NL,90,resource_hybrid_storage,1
huur garagebox per maand,NL,90,resource_hybrid_storage,1
huurovereenkomst garagebox,BE,90,resource_hybrid_storage,1
meubels opslaan in container,NL,90,resource_hybrid_storage,1
garagebox kopen zaandam,NL,70,resource_hybrid_storage,1
garagebox zaandam te huur,NL,70,resource_hybrid_storage,1
container opslag voor de deur,NL,30,resource_hybrid_storage,1
